{
  "ticker": "QQQ",
  "created_at": "2025-12-18T17:24:25.602756",
  "holding_period": 60,
  "min_return": 10.0,
  "lookback_period": 20,
  "patterns": [
    {
      "pattern_id": 0,
      "name": "range_position_Low",
      "n_samples": 103,
      "centroid": [
        -0.22875245415530815,
        -0.9906546623570207,
        0.27549884226895227,
        -0.21086293412239074,
        -1.081826550232262,
        -0.6284945300768637,
        0.22860244618072975,
        -0.8594638214811465,
        -0.9638286222751277,
        -0.2759445280006867,
        0.15947646971636487,
        -0.7925460752541202,
        -1.123517504724257,
        -0.5364763508385236,
        0.3532319415613688,
        -0.9020529145168498,
        -0.8916720610265267,
        -0.21367809399252652,
        0.4911820929650939,
        -0.9824543951692344,
        -0.4912770930673613,
        0.02827128603081991,
        0.5838142161119887,
        -0.9943455197563666,
        -1.1301417020099318,
        -0.4243517366833211,
        0.8890972898579859,
        -1.1331652106011962,
        -1.0478231418894042,
        -0.6289883602617661,
        0.3277025146458025,
        -0.7462797092901093,
        0.459276124779427,
        0.015292543935737955,
        0.21350430219520794,
        0.6562514579418477,
        -1.1787067359699743,
        -0.6560830637147171,
        0.6166874358855817,
        -1.036545575480697,
        0.5183963536776923,
        -0.040167549156353656,
        0.20695487762429293,
        0.7402942248354937,
        0.26549308358123835,
        -0.14647729893400704,
        0.09171119892461825,
        0.5649217661408025,
        0.6202697220780541,
        0.9128592803305341,
        0.5876078276099442,
        0.47559889200620115,
        -1.2176514513634227,
        -0.6101052349038065,
        0.673720384678184,
        -1.061058869943397
      ],
      "feature_importance": {
        "range_position_last": -1.2176514513634227,
        "bb_position_last": -1.1787067359699746,
        "rsi_change": -1.1331652106011965,
        "rsi_last": -1.1301417020099307,
        "price_vs_ma_short_last": -1.1235175047242574
      },
      "avg_return": 15.726742305892122,
      "std_return": 7.5165070346766125,
      "win_rate": 1.0,
      "sample_indices": [
        20,
        93,
        97,
        98,
        99,
        102,
        129,
        130,
        131,
        220,
        221,
        228,
        567,
        569,
        570,
        572,
        576,
        581,
        752,
        753,
        754,
        755,
        756,
        757,
        758,
        759,
        760,
        761,
        762,
        763,
        764,
        765,
        918,
        924,
        925,
        952,
        953,
        956,
        1052,
        1053,
        1055,
        1057,
        1058,
        1059,
        1060,
        1061,
        1062,
        1063,
        1064,
        1065,
        1066,
        1067,
        1068,
        1069,
        1070,
        1071,
        1188,
        1189,
        1190,
        1192,
        1193,
        1194,
        1195,
        1196,
        1197,
        1198,
        1199,
        1200,
        1201,
        1202,
        1203,
        1223,
        1225,
        1226,
        1227,
        1232,
        1310,
        1318,
        1352,
        1355,
        1356,
        1357,
        1358,
        1359,
        1360,
        1361,
        1362,
        1363,
        1453,
        1454,
        1455,
        1456,
        1457,
        1458,
        1459,
        1608,
        1613,
        1614,
        1615,
        1616,
        1617,
        1631,
        1632
      ]
    },
    {
      "pattern_id": 1,
      "name": "rsi_High",
      "n_samples": 211,
      "centroid": [
        0.06907038495011276,
        0.35813388637762916,
        -0.4189962622842206,
        0.03567005096025751,
        0.3408433175262538,
        0.3261702404706015,
        -0.41362144461396483,
        0.14800141997145616,
        0.36078726765921626,
        0.3036965118687351,
        -0.39250353157720863,
        0.13776522456931264,
        0.37415908880115883,
        0.34087906181668703,
        -0.4829470457733222,
        0.15227651853089005,
        0.47316442628146094,
        0.34839967888265455,
        -0.5091562696094937,
        0.27735006236556486,
        0.33737787062407004,
        0.17457025137529492,
        -0.49031686310719047,
        0.35664804164298675,
        0.5177106800340932,
        0.33170677794990955,
        -0.42205161560433024,
        0.3852029846470077,
        0.2572767243819524,
        0.23353639697109843,
        -0.37786165287018353,
        0.10392816282764915,
        -0.4763367930872033,
        -0.3427499332337651,
        -0.3088706007319906,
        -0.26738404905069424,
        0.4805932559149546,
        0.36861750848763336,
        -0.30069268854173836,
        0.33112819876774724,
        -0.4450042354112206,
        -0.3336317937561364,
        -0.385752163201001,
        -0.24424778274604614,
        -0.41381532280082506,
        -0.29216588057951076,
        -0.303315220611309,
        -0.28422371648277117,
        -0.19864462147422227,
        -0.35579256964410877,
        -0.22374583585447397,
        -0.10472422078467963,
        0.49734043973582553,
        0.3698206140283758,
        -0.36564294882598053,
        0.331681363827238
      ],
      "feature_importance": {
        "rsi_last": 0.517710680034094,
        "price_vs_ma_medium_std": -0.5091562696094939,
        "range_position_last": 0.49734043973582626,
        "price_vs_ma_long_std": -0.4903168631071887,
        "price_vs_ma_short_std": -0.4829470457733218
      },
      "avg_return": 13.983431276527142,
      "std_return": 3.6896297464626993,
      "win_rate": 1.0,